Period,Year,Quarter,Customers,MRR (PLN),Setup Fees (PLN),Partnerships (PLN),Total Revenue (PLN),Development Costs (PLN),Marketing Costs (PLN),Implementation Costs (PLN),Operational Costs (PLN),Team Costs (PLN),Total Costs (PLN),EBITDA (PLN),EBITDA Margin (%),Churn Rate (%),ARPU (PLN)
Q1,2025,1,5,7500,75000,0,97500,50000,20000,15000,10000,0,95000,2500,2.6,0,1500
Q2,2025,2,15,27000,300000,0,403500,40000,50000,30000,20000,40000,180000,223500,55.4,5,1800
Q3,2025,3,35,63000,347500,0,536500,30000,80000,40000,30000,80000,260000,276500,51.5,8,1800
Q4,2025,4,60,108000,195000,30000,549000,40000,100000,50000,40000,120000,350000,199000,36.2,10,1800
TOTAL,2025,ALL,60,108000,917500,30000,1586500,160000,250000,135000,100000,240000,885000,701500,44.2,8,1800

Q1,2026,1,75,150000,450000,120000,720000,50000,120000,60000,50000,140000,420000,300000,41.7,8,2000
Q2,2026,2,95,190000,550000,210000,950000,60000,150000,70000,60000,180000,520000,430000,45.3,8,2000
Q3,2026,3,120,240000,650000,290000,1180000,70000,180000,80000,70000,220000,620000,560000,47.5,7,2000
Q4,2026,4,150,300000,800000,350000,1450000,80000,200000,90000,80000,270000,720000,730000,50.3,8,2000
TOTAL,2026,ALL,150,300000,2450000,970000,4300000,260000,650000,300000,260000,810000,2280000,2020000,47.0,8,2000

Key Metrics,,,,,,,,,,,,,,,
Metric,2025,2026,Growth %,,,,,,,,,,,,,
Annual Recurring Revenue (ARR),1296000,3600000,177.8,,,,,,,,,,,,,
Customer Lifetime Value (LTV),24000,28000,16.7,,,,,,,,,,,,,
Customer Acquisition Cost (CAC),5000,4500,-10.0,,,,,,,,,,,,,
LTV/CAC Ratio,4.8,6.2,29.2,,,,,,,,,,,,,
Gross Margin (%),44.2,47.0,6.3,,,,,,,,,,,,,
Monthly Recurring Revenue (EOY),108000,300000,177.8,,,,,,,,,,,,,
Average Contract Value,26442,28667,8.4,,,,,,,,,,,,,
